{"cameraMode":{"drawMode":0,"name":"Shaded","section":"Shading Mode"},"sceneLighting":true,"audioPlay":false,"sceneViewState":{"m_AlwaysRefresh":false,"showFog":true,"showSkybox":true,"showFlares":true,"showImageEffects":true,"showParticleSystems":true,"showVisualEffectGraphs":true,"m_FxEnabled":true},"in2DMode":false,"pivot":{"x":6.176271438598633,"y":0.4683196544647217,"z":4.689423084259033},"rotation":{"x":-0.052774082869291309,"y":-0.02037297748029232,"z":0.001077005174010992,"w":-0.9983981251716614},"size":14.837018966674805,"orthographic":false}